<?xml version="1.0" encoding="UTF-8" standalone="no"?>
<!-- Generated 17/05/2020 10:29:17 PM by Hibernate Tools 5.4.7.Final --><!DOCTYPE hibernate-mapping PUBLIC "-//Hibernate/Hibernate Mapping DTD 3.0//EN" "http://www.hibernate.org/dtd/hibernate-mapping-3.0.dtd">
<hibernate-mapping auto-import="true" default-access="property" default-cascade="none" default-lazy="true">
    <class dynamic-insert="false" dynamic-update="false" mutable="true" name="co.edu.campusucc.sd.modelo.Biometria" optimistic-lock="version" polymorphism="implicit" schema="public" select-before-update="false" table="biometria">
        <id name="idBiometria" type="big_integer">
            <column name="id_biometria" precision="20" scale="0"/>
            <generator class="assigned"/>
        </id>
        <many-to-one class="co.edu.campusucc.sd.modelo.Cliente" embed-xml="true" fetch="select" insert="true" name="cliente" not-found="exception" optimistic-lock="true" unique="false" update="true">
            <column length="50" name="id_cliente"/>
        </many-to-one>
        <property generated="never" lazy="false" name="huellaDigital01" optimistic-lock="true" type="binary" unique="false">
            <column name="huella_digital_01"/>
        </property>
        <property generated="never" lazy="false" name="huellaDigital02" optimistic-lock="true" type="binary" unique="false">
            <column name="huella_digital_02"/>
        </property>
    </class>
</hibernate-mapping>
