<?xml version="1.0" encoding="UTF-8" standalone="no"?>
<!-- Generated 17/05/2020 10:29:17 PM by Hibernate Tools 5.4.7.Final --><!DOCTYPE hibernate-mapping PUBLIC "-//Hibernate/Hibernate Mapping DTD 3.0//EN" "http://www.hibernate.org/dtd/hibernate-mapping-3.0.dtd">
<hibernate-mapping auto-import="true" default-access="property" default-cascade="none" default-lazy="true">
    <class dynamic-insert="false" dynamic-update="false" mutable="true" name="co.edu.campusucc.sd.modelo.Giro" optimistic-lock="version" polymorphism="implicit" schema="public" select-before-update="false" table="giro">
        <id name="idGiro" type="string">
            <column length="50" name="id_giro"/>
            <generator class="assigned"/>
        </id>
        <many-to-one class="co.edu.campusucc.sd.modelo.Cliente" embed-xml="true" fetch="select" insert="true" name="cliente" not-found="exception" optimistic-lock="true" unique="false" update="true">
            <column length="50" name="id_cliente" not-null="true"/>
        </many-to-one>
        <property generated="never" lazy="false" name="idPais" optimistic-lock="true" type="string" unique="false">
            <column length="50" name="id_pais" not-null="true"/>
        </property>
        <property generated="never" lazy="false" name="costoEnvio" optimistic-lock="true" type="big_integer" unique="false">
            <column name="costo_envio" not-null="true" precision="131089" scale="0"/>
        </property>
        <property generated="never" lazy="false" name="fechaGiro" optimistic-lock="true" type="string" unique="false">
            <column length="50" name="fecha_giro" not-null="true"/>
        </property>
        <set embed-xml="true" fetch="select" inverse="true" lazy="true" mutable="true" name="locutorios" optimistic-lock="true" sort="unsorted" table="locutorio">
            <key on-delete="noaction">
                <column length="50" name="id_giro" not-null="true"/>
            </key>
            <one-to-many class="co.edu.campusucc.sd.modelo.Locutorio" embed-xml="true" not-found="exception"/>
        </set>
        <set embed-xml="true" fetch="select" inverse="true" lazy="true" mutable="true" name="formaPagos" optimistic-lock="true" sort="unsorted" table="forma_pago">
            <key on-delete="noaction">
                <column length="50" name="id_giro" not-null="true"/>
            </key>
            <one-to-many class="co.edu.campusucc.sd.modelo.FormaPago" embed-xml="true" not-found="exception"/>
        </set>
    </class>
</hibernate-mapping>
