<?xml version="1.0" encoding="UTF-8" standalone="no"?>
<!-- Generated 17/05/2020 10:29:17 PM by Hibernate Tools 5.4.7.Final --><!DOCTYPE hibernate-mapping PUBLIC "-//Hibernate/Hibernate Mapping DTD 3.0//EN" "http://www.hibernate.org/dtd/hibernate-mapping-3.0.dtd">
<hibernate-mapping auto-import="true" default-access="property" default-cascade="none" default-lazy="true">
    <class dynamic-insert="false" dynamic-update="false" mutable="true" name="co.edu.campusucc.sd.modelo.Locutorio" optimistic-lock="version" polymorphism="implicit" schema="public" select-before-update="false" table="locutorio">
        <id name="idLocutorio" type="string">
            <column length="50" name="id_locutorio"/>
            <generator class="assigned"/>
        </id>
        <many-to-one class="co.edu.campusucc.sd.modelo.Giro" embed-xml="true" fetch="select" insert="true" name="giro" not-found="exception" optimistic-lock="true" unique="false" update="true">
            <column length="50" name="id_giro" not-null="true"/>
        </many-to-one>
        <property generated="never" lazy="false" name="nombreLocutorio" optimistic-lock="true" type="string" unique="false">
            <column length="50" name="nombre_locutorio" not-null="true"/>
        </property>
        <property generated="never" lazy="false" name="direccionLocutorio" optimistic-lock="true" type="string" unique="false">
            <column length="50" name="direccion_locutorio" not-null="true"/>
        </property>
        <property generated="never" lazy="false" name="emailLocutorio" optimistic-lock="true" type="string" unique="false">
            <column length="50" name="email_locutorio" not-null="true"/>
        </property>
        <property generated="never" lazy="false" name="idAdministrador" optimistic-lock="true" type="string" unique="false">
            <column length="50" name="id_administrador" not-null="true"/>
        </property>
        <property generated="never" lazy="false" name="telefono" optimistic-lock="true" type="string" unique="false">
            <column length="50" name="telefono" not-null="true"/>
        </property>
    </class>
</hibernate-mapping>
