<?xml version="1.0" encoding="UTF-8" standalone="no"?>
<!-- Generated 17/05/2020 10:29:17 PM by Hibernate Tools 5.4.7.Final --><!DOCTYPE hibernate-mapping PUBLIC "-//Hibernate/Hibernate Mapping DTD 3.0//EN" "http://www.hibernate.org/dtd/hibernate-mapping-3.0.dtd">
<hibernate-mapping auto-import="true" default-access="property" default-cascade="none" default-lazy="true">
    <class dynamic-insert="false" dynamic-update="false" mutable="true" name="co.edu.campusucc.sd.modelo.Negociacion" optimistic-lock="version" polymorphism="implicit" schema="public" select-before-update="false" table="negociacion">
        <id name="idNegociacion" type="string">
            <column length="50" name="id_negociacion"/>
            <generator class="assigned"/>
        </id>
        <property generated="never" lazy="false" name="idOrigen" optimistic-lock="true" type="string" unique="false">
            <column length="3" name="id_origen" not-null="true"/>
        </property>
        <property generated="never" lazy="false" name="idBanco" optimistic-lock="true" type="string" unique="false">
            <column length="50" name="id_banco" not-null="true"/>
        </property>
        <property generated="never" lazy="false" name="idDestino" optimistic-lock="true" type="string" unique="false">
            <column length="50" name="id_destino" not-null="true"/>
        </property>
        <property generated="never" lazy="false" name="vigencia" optimistic-lock="true" type="int" unique="false">
            <column name="vigencia" not-null="true"/>
        </property>
        <property generated="never" lazy="false" name="flete" optimistic-lock="true" type="big_integer" unique="false">
            <column name="flete" not-null="true" precision="131089" scale="0"/>
        </property>
        <property generated="never" lazy="false" name="comisionGiro" optimistic-lock="true" type="double" unique="false">
            <column name="comision_giro" not-null="true" precision="17" scale="17"/>
        </property>
        <property generated="never" lazy="false" name="comisionCostoEnvio" optimistic-lock="true" type="double" unique="false">
            <column name="comision_costo_envio" not-null="true" precision="17" scale="17"/>
        </property>
        <property generated="never" lazy="false" name="comisionBanco" optimistic-lock="true" type="double" unique="false">
            <column name="comision_banco" not-null="true" precision="17" scale="17"/>
        </property>
        <property generated="never" lazy="false" name="fechaCreacion" optimistic-lock="true" type="timestamp" unique="false">
            <column length="35" name="fecha_creacion" not-null="true"/>
        </property>
        <property generated="never" lazy="false" name="fechaFinalizacion" optimistic-lock="true" type="timestamp" unique="false">
            <column length="35" name="fecha_finalizacion" not-null="true"/>
        </property>
        <property generated="never" lazy="false" name="totalGiro" optimistic-lock="true" type="int" unique="false">
            <column name="total_giro" not-null="true"/>
        </property>
        <property generated="never" lazy="false" name="idPais" optimistic-lock="true" type="string" unique="false">
            <column length="3" name="id_pais" not-null="true"/>
        </property>
    </class>
</hibernate-mapping>
