<?xml version="1.0" encoding="UTF-8" standalone="no"?>
<!-- Generated 17/05/2020 10:29:17 PM by Hibernate Tools 5.4.7.Final --><!DOCTYPE hibernate-mapping PUBLIC "-//Hibernate/Hibernate Mapping DTD 3.0//EN" "http://www.hibernate.org/dtd/hibernate-mapping-3.0.dtd">
<hibernate-mapping auto-import="true" default-access="property" default-cascade="none" default-lazy="true">
    <class dynamic-insert="false" dynamic-update="false" mutable="true" name="co.edu.campusucc.sd.modelo.Ubicacion" optimistic-lock="version" polymorphism="implicit" schema="public" select-before-update="false" table="ubicacion">
        <id name="idUbicacion" type="string">
            <column length="50" name="id_ubicacion"/>
            <generator class="foreign">
                <param name="property">cliente</param>
            </generator>
        </id>
        <one-to-one class="co.edu.campusucc.sd.modelo.Cliente" constrained="true" embed-xml="true" name="cliente"/>
        <property generated="never" lazy="false" name="nombre" optimistic-lock="true" type="string" unique="false">
            <column length="50" name="nombre" not-null="true"/>
        </property>
        <property generated="never" lazy="false" name="direccionResidenciaActual" optimistic-lock="true" type="string" unique="false">
            <column length="50" name="direccion_residencia_actual" not-null="true"/>
        </property>
        <property generated="never" lazy="false" name="numeroResidenciaActual" optimistic-lock="true" type="big_integer" unique="false">
            <column name="numero_residencia_actual" not-null="true" precision="131089" scale="0"/>
        </property>
    </class>
</hibernate-mapping>
